INSERT INTO genre (id, name) VALUES (1, 'Жанр 1');
INSERT INTO genre (id, name) VALUES (2, 'Жанр 2');
INSERT INTO genre (id, name) VALUES (3, 'Жанр 3');
INSERT INTO genre (id, name) VALUES (4, 'Жанр 4');
INSERT INTO genre (id, name) VALUES (5, 'Жанр 5');
INSERT INTO genre (id, name) VALUES (6, 'Жанр 6');
INSERT INTO genre (id, name) VALUES (7, 'Жанр 7');
INSERT INTO genre (id, name) VALUES (8, 'Жанр 8');
INSERT INTO genre (id, name) VALUES (9, 'Жанр 9');
INSERT INTO genre (id, name) VALUES (10, 'Жанр 10');
INSERT INTO genre (id, name) VALUES (11, 'Жанр 11');
INSERT INTO genre (id, name) VALUES (12, 'Жанр 12');
INSERT INTO genre (id, name) VALUES (13, 'Жанр 13');
INSERT INTO genre (id, name) VALUES (14, 'Жанр 14');
INSERT INTO genre (id, name) VALUES (15, 'Жанр 15');
INSERT INTO genre (id, name) VALUES (16, 'Жанр 16');
INSERT INTO genre (id, name) VALUES (17, 'Жанр 17');
INSERT INTO genre (id, name) VALUES (18, 'Жанр 18');
INSERT INTO genre (id, name) VALUES (19, 'Жанр 19');
INSERT INTO genre (id, name) VALUES (20, 'Жанр 20');
INSERT INTO genre (id, name) VALUES (21, 'Жанр 21');
INSERT INTO genre (id, name) VALUES (22, 'Жанр 22');
INSERT INTO genre (id, name) VALUES (23, 'Жанр 23');
INSERT INTO genre (id, name) VALUES (24, 'Жанр 24');
INSERT INTO genre (id, name) VALUES (25, 'Жанр 25');
INSERT INTO genre (id, name) VALUES (26, 'Жанр 26');
INSERT INTO genre (id, name) VALUES (27, 'Жанр 27');
INSERT INTO genre (id, name) VALUES (28, 'Жанр 28');
INSERT INTO genre (id, name) VALUES (29, 'Жанр 29');
INSERT INTO genre (id, name) VALUES (30, 'Жанр 30');
INSERT INTO genre (id, name) VALUES (31, 'Жанр 31');
INSERT INTO genre (id, name) VALUES (32, 'Жанр 32');
INSERT INTO genre (id, name) VALUES (33, 'Жанр 33');
INSERT INTO genre (id, name) VALUES (34, 'Жанр 34');
INSERT INTO genre (id, name) VALUES (35, 'Жанр 35');
INSERT INTO genre (id, name) VALUES (36, 'Жанр 36');
INSERT INTO genre (id, name) VALUES (37, 'Жанр 37');
INSERT INTO genre (id, name) VALUES (38, 'Жанр 38');
INSERT INTO genre (id, name) VALUES (39, 'Жанр 39');
INSERT INTO genre (id, name) VALUES (40, 'Жанр 40');
INSERT INTO genre (id, name) VALUES (41, 'Жанр 41');
INSERT INTO genre (id, name) VALUES (42, 'Жанр 42');
INSERT INTO genre (id, name) VALUES (43, 'Жанр 43');
INSERT INTO genre (id, name) VALUES (44, 'Жанр 44');
INSERT INTO genre (id, name) VALUES (45, 'Жанр 45');
INSERT INTO genre (id, name) VALUES (46, 'Жанр 46');
INSERT INTO genre (id, name) VALUES (47, 'Жанр 47');
INSERT INTO genre (id, name) VALUES (48, 'Жанр 48');
INSERT INTO genre (id, name) VALUES (49, 'Жанр 49');
INSERT INTO genre (id, name) VALUES (50, 'Жанр 50');

INSERT INTO author (id, lastname, firstname) VALUES (1, 'Имя автора 1', 'Фамилия автора 1');
INSERT INTO author (id, lastname, firstname) VALUES (2, 'Имя автора 2', 'Фамилия автора 2');
INSERT INTO author (id, lastname, firstname) VALUES (3, 'Имя автора 3', 'Фамилия автора 3');
INSERT INTO author (id, lastname, firstname) VALUES (4, 'Имя автора 4', 'Фамилия автора 4');
INSERT INTO author (id, lastname, firstname) VALUES (5, 'Имя автора 5', 'Фамилия автора 5');
INSERT INTO author (id, lastname, firstname) VALUES (6, 'Имя автора 6', 'Фамилия автора 6');
INSERT INTO author (id, lastname, firstname) VALUES (7, 'Имя автора 7', 'Фамилия автора 7');
INSERT INTO author (id, lastname, firstname) VALUES (8, 'Имя автора 8', 'Фамилия автора 8');
INSERT INTO author (id, lastname, firstname) VALUES (9, 'Имя автора 9', 'Фамилия автора 9');
INSERT INTO author (id, lastname, firstname) VALUES (10, 'Имя автора 10', 'Фамилия автора 10');
INSERT INTO author (id, lastname, firstname) VALUES (11, 'Имя автора 11', 'Фамилия автора 11');
INSERT INTO author (id, lastname, firstname) VALUES (12, 'Имя автора 12', 'Фамилия автора 12');
INSERT INTO author (id, lastname, firstname) VALUES (13, 'Имя автора 13', 'Фамилия автора 13');
INSERT INTO author (id, lastname, firstname) VALUES (14, 'Имя автора 14', 'Фамилия автора 14');
INSERT INTO author (id, lastname, firstname) VALUES (15, 'Имя автора 15', 'Фамилия автора 15');
INSERT INTO author (id, lastname, firstname) VALUES (16, 'Имя автора 16', 'Фамилия автора 16');
INSERT INTO author (id, lastname, firstname) VALUES (17, 'Имя автора 17', 'Фамилия автора 17');
INSERT INTO author (id, lastname, firstname) VALUES (18, 'Имя автора 18', 'Фамилия автора 18');
INSERT INTO author (id, lastname, firstname) VALUES (19, 'Имя автора 19', 'Фамилия автора 19');
INSERT INTO author (id, lastname, firstname) VALUES (20, 'Имя автора 20', 'Фамилия автора 20');
INSERT INTO author (id, lastname, firstname) VALUES (21, 'Имя автора 21', 'Фамилия автора 21');
INSERT INTO author (id, lastname, firstname) VALUES (22, 'Имя автора 22', 'Фамилия автора 22');
INSERT INTO author (id, lastname, firstname) VALUES (23, 'Имя автора 23', 'Фамилия автора 23');
INSERT INTO author (id, lastname, firstname) VALUES (24, 'Имя автора 24', 'Фамилия автора 24');
INSERT INTO author (id, lastname, firstname) VALUES (25, 'Имя автора 25', 'Фамилия автора 25');
INSERT INTO author (id, lastname, firstname) VALUES (26, 'Имя автора 26', 'Фамилия автора 26');
INSERT INTO author (id, lastname, firstname) VALUES (27, 'Имя автора 27', 'Фамилия автора 27');
INSERT INTO author (id, lastname, firstname) VALUES (28, 'Имя автора 28', 'Фамилия автора 28');
INSERT INTO author (id, lastname, firstname) VALUES (29, 'Имя автора 29', 'Фамилия автора 29');
INSERT INTO author (id, lastname, firstname) VALUES (30, 'Имя автора 30', 'Фамилия автора 30');
INSERT INTO author (id, lastname, firstname) VALUES (31, 'Имя автора 31', 'Фамилия автора 31');
INSERT INTO author (id, lastname, firstname) VALUES (32, 'Имя автора 32', 'Фамилия автора 32');
INSERT INTO author (id, lastname, firstname) VALUES (33, 'Имя автора 33', 'Фамилия автора 33');
INSERT INTO author (id, lastname, firstname) VALUES (34, 'Имя автора 34', 'Фамилия автора 34');
INSERT INTO author (id, lastname, firstname) VALUES (35, 'Имя автора 35', 'Фамилия автора 35');
INSERT INTO author (id, lastname, firstname) VALUES (36, 'Имя автора 36', 'Фамилия автора 36');
INSERT INTO author (id, lastname, firstname) VALUES (37, 'Имя автора 37', 'Фамилия автора 37');
INSERT INTO author (id, lastname, firstname) VALUES (38, 'Имя автора 38', 'Фамилия автора 38');
INSERT INTO author (id, lastname, firstname) VALUES (39, 'Имя автора 39', 'Фамилия автора 39');
INSERT INTO author (id, lastname, firstname) VALUES (40, 'Имя автора 40', 'Фамилия автора 40');
INSERT INTO author (id, lastname, firstname) VALUES (41, 'Имя автора 41', 'Фамилия автора 41');
INSERT INTO author (id, lastname, firstname) VALUES (42, 'Имя автора 42', 'Фамилия автора 42');
INSERT INTO author (id, lastname, firstname) VALUES (43, 'Имя автора 43', 'Фамилия автора 43');
INSERT INTO author (id, lastname, firstname) VALUES (44, 'Имя автора 44', 'Фамилия автора 44');
INSERT INTO author (id, lastname, firstname) VALUES (45, 'Имя автора 45', 'Фамилия автора 45');
INSERT INTO author (id, lastname, firstname) VALUES (46, 'Имя автора 46', 'Фамилия автора 46');
INSERT INTO author (id, lastname, firstname) VALUES (47, 'Имя автора 47', 'Фамилия автора 47');
INSERT INTO author (id, lastname, firstname) VALUES (48, 'Имя автора 48', 'Фамилия автора 48');
INSERT INTO author (id, lastname, firstname) VALUES (49, 'Имя автора 49', 'Фамилия автора 49');
INSERT INTO author (id, lastname, firstname) VALUES (50, 'Имя автора 50', 'Фамилия автора 50');

INSERT INTO book (id, name, description) VALUES (1, 'Название книги 1', 'Описание книги 1');
INSERT INTO book (id, name, description) VALUES (2, 'Название книги 2', 'Описание книги 2');
INSERT INTO book (id, name, description) VALUES (3, 'Название книги 3', 'Описание книги 3');
INSERT INTO book (id, name, description) VALUES (4, 'Название книги 4', 'Описание книги 4');
INSERT INTO book (id, name, description) VALUES (5, 'Название книги 5', 'Описание книги 5');
INSERT INTO book (id, name, description) VALUES (6, 'Название книги 6', 'Описание книги 6');
INSERT INTO book (id, name, description) VALUES (7, 'Название книги 7', 'Описание книги 7');
INSERT INTO book (id, name, description) VALUES (8, 'Название книги 8', 'Описание книги 8');
INSERT INTO book (id, name, description) VALUES (9, 'Название книги 9', 'Описание книги 9');
INSERT INTO book (id, name, description) VALUES (10, 'Название книги 10', 'Описание книги 10');
INSERT INTO book (id, name, description) VALUES (11, 'Название книги 11', 'Описание книги 11');
INSERT INTO book (id, name, description) VALUES (12, 'Название книги 12', 'Описание книги 12');
INSERT INTO book (id, name, description) VALUES (13, 'Название книги 13', 'Описание книги 13');
INSERT INTO book (id, name, description) VALUES (14, 'Название книги 14', 'Описание книги 14');
INSERT INTO book (id, name, description) VALUES (15, 'Название книги 15', 'Описание книги 15');
INSERT INTO book (id, name, description) VALUES (16, 'Название книги 16', 'Описание книги 16');
INSERT INTO book (id, name, description) VALUES (17, 'Название книги 17', 'Описание книги 17');
INSERT INTO book (id, name, description) VALUES (18, 'Название книги 18', 'Описание книги 18');
INSERT INTO book (id, name, description) VALUES (19, 'Название книги 19', 'Описание книги 19');
INSERT INTO book (id, name, description) VALUES (20, 'Название книги 20', 'Описание книги 20');
INSERT INTO book (id, name, description) VALUES (21, 'Название книги 21', 'Описание книги 21');
INSERT INTO book (id, name, description) VALUES (22, 'Название книги 22', 'Описание книги 22');
INSERT INTO book (id, name, description) VALUES (23, 'Название книги 23', 'Описание книги 23');
INSERT INTO book (id, name, description) VALUES (24, 'Название книги 24', 'Описание книги 24');
INSERT INTO book (id, name, description) VALUES (25, 'Название книги 25', 'Описание книги 25');
INSERT INTO book (id, name, description) VALUES (26, 'Название книги 26', 'Описание книги 26');
INSERT INTO book (id, name, description) VALUES (27, 'Название книги 27', 'Описание книги 27');
INSERT INTO book (id, name, description) VALUES (28, 'Название книги 28', 'Описание книги 28');
INSERT INTO book (id, name, description) VALUES (29, 'Название книги 29', 'Описание книги 29');
INSERT INTO book (id, name, description) VALUES (30, 'Название книги 30', 'Описание книги 30');
INSERT INTO book (id, name, description) VALUES (31, 'Название книги 31', 'Описание книги 31');
INSERT INTO book (id, name, description) VALUES (32, 'Название книги 32', 'Описание книги 32');
INSERT INTO book (id, name, description) VALUES (33, 'Название книги 33', 'Описание книги 33');
INSERT INTO book (id, name, description) VALUES (34, 'Название книги 34', 'Описание книги 34');
INSERT INTO book (id, name, description) VALUES (35, 'Название книги 35', 'Описание книги 35');
INSERT INTO book (id, name, description) VALUES (36, 'Название книги 36', 'Описание книги 36');
INSERT INTO book (id, name, description) VALUES (37, 'Название книги 37', 'Описание книги 37');
INSERT INTO book (id, name, description) VALUES (38, 'Название книги 38', 'Описание книги 38');
INSERT INTO book (id, name, description) VALUES (39, 'Название книги 39', 'Описание книги 39');
INSERT INTO book (id, name, description) VALUES (40, 'Название книги 40', 'Описание книги 40');
INSERT INTO book (id, name, description) VALUES (41, 'Название книги 41', 'Описание книги 41');
INSERT INTO book (id, name, description) VALUES (42, 'Название книги 42', 'Описание книги 42');
INSERT INTO book (id, name, description) VALUES (43, 'Название книги 43', 'Описание книги 43');
INSERT INTO book (id, name, description) VALUES (44, 'Название книги 44', 'Описание книги 44');
INSERT INTO book (id, name, description) VALUES (45, 'Название книги 45', 'Описание книги 45');
INSERT INTO book (id, name, description) VALUES (46, 'Название книги 46', 'Описание книги 46');
INSERT INTO book (id, name, description) VALUES (47, 'Название книги 47', 'Описание книги 47');
INSERT INTO book (id, name, description) VALUES (48, 'Название книги 48', 'Описание книги 48');
INSERT INTO book (id, name, description) VALUES (49, 'Название книги 49', 'Описание книги 49');
INSERT INTO book (id, name, description) VALUES (50, 'Название книги 50', 'Описание книги 50');

INSERT INTO book_author (book_id, author_id) VALUES (1, 1);
INSERT INTO book_author (book_id, author_id) VALUES (1, 2);
INSERT INTO book_author (book_id, author_id) VALUES (1, 3);
INSERT INTO book_author (book_id, author_id) VALUES (1, 4);
INSERT INTO book_author (book_id, author_id) VALUES (1, 5);
INSERT INTO book_author (book_id, author_id) VALUES (2, 2);
INSERT INTO book_author (book_id, author_id) VALUES (3, 3);
INSERT INTO book_author (book_id, author_id) VALUES (4, 4);
INSERT INTO book_author (book_id, author_id) VALUES (5, 5);
INSERT INTO book_author (book_id, author_id) VALUES (6, 6);
INSERT INTO book_author (book_id, author_id) VALUES (7, 7);
INSERT INTO book_author (book_id, author_id) VALUES (8, 8);
INSERT INTO book_author (book_id, author_id) VALUES (9, 9);
INSERT INTO book_author (book_id, author_id) VALUES (10, 10);
INSERT INTO book_author (book_id, author_id) VALUES (11, 11);
INSERT INTO book_author (book_id, author_id) VALUES (12, 12);
INSERT INTO book_author (book_id, author_id) VALUES (13, 13);
INSERT INTO book_author (book_id, author_id) VALUES (14, 14);
INSERT INTO book_author (book_id, author_id) VALUES (15, 15);
INSERT INTO book_author (book_id, author_id) VALUES (16, 16);
INSERT INTO book_author (book_id, author_id) VALUES (17, 17);
INSERT INTO book_author (book_id, author_id) VALUES (18, 18);
INSERT INTO book_author (book_id, author_id) VALUES (19, 19);
INSERT INTO book_author (book_id, author_id) VALUES (20, 20);
INSERT INTO book_author (book_id, author_id) VALUES (21, 21);
INSERT INTO book_author (book_id, author_id) VALUES (22, 22);
INSERT INTO book_author (book_id, author_id) VALUES (23, 23);
INSERT INTO book_author (book_id, author_id) VALUES (24, 24);
INSERT INTO book_author (book_id, author_id) VALUES (25, 25);
INSERT INTO book_author (book_id, author_id) VALUES (26, 26);
INSERT INTO book_author (book_id, author_id) VALUES (27, 27);
INSERT INTO book_author (book_id, author_id) VALUES (28, 28);
INSERT INTO book_author (book_id, author_id) VALUES (29, 29);
INSERT INTO book_author (book_id, author_id) VALUES (30, 30);
INSERT INTO book_author (book_id, author_id) VALUES (31, 31);
INSERT INTO book_author (book_id, author_id) VALUES (32, 32);
INSERT INTO book_author (book_id, author_id) VALUES (33, 33);
INSERT INTO book_author (book_id, author_id) VALUES (34, 34);
INSERT INTO book_author (book_id, author_id) VALUES (35, 35);
INSERT INTO book_author (book_id, author_id) VALUES (36, 36);
INSERT INTO book_author (book_id, author_id) VALUES (37, 37);
INSERT INTO book_author (book_id, author_id) VALUES (38, 38);
INSERT INTO book_author (book_id, author_id) VALUES (39, 39);
INSERT INTO book_author (book_id, author_id) VALUES (40, 40);
INSERT INTO book_author (book_id, author_id) VALUES (41, 41);
INSERT INTO book_author (book_id, author_id) VALUES (42, 42);
INSERT INTO book_author (book_id, author_id) VALUES (43, 43);
INSERT INTO book_author (book_id, author_id) VALUES (44, 44);
INSERT INTO book_author (book_id, author_id) VALUES (45, 45);
INSERT INTO book_author (book_id, author_id) VALUES (46, 41);
INSERT INTO book_author (book_id, author_id) VALUES (47, 42);
INSERT INTO book_author (book_id, author_id) VALUES (48, 43);
INSERT INTO book_author (book_id, author_id) VALUES (49, 44);
INSERT INTO book_author (book_id, author_id) VALUES (50, 45);

INSERT INTO book_genre (book_id, genre_id) VALUES (1, 1);
INSERT INTO book_genre (book_id, genre_id) VALUES (1, 2);
INSERT INTO book_genre (book_id, genre_id) VALUES (1, 3);
INSERT INTO book_genre (book_id, genre_id) VALUES (1, 4);
INSERT INTO book_genre (book_id, genre_id) VALUES (1, 5);
INSERT INTO book_genre (book_id, genre_id) VALUES (2, 2);
INSERT INTO book_genre (book_id, genre_id) VALUES (3, 3);
INSERT INTO book_genre (book_id, genre_id) VALUES (4, 4);
INSERT INTO book_genre (book_id, genre_id) VALUES (5, 5);
INSERT INTO book_genre (book_id, genre_id) VALUES (6, 6);
INSERT INTO book_genre (book_id, genre_id) VALUES (7, 7);
INSERT INTO book_genre (book_id, genre_id) VALUES (8, 8);
INSERT INTO book_genre (book_id, genre_id) VALUES (9, 9);
INSERT INTO book_genre (book_id, genre_id) VALUES (10, 10);
INSERT INTO book_genre (book_id, genre_id) VALUES (11, 11);
INSERT INTO book_genre (book_id, genre_id) VALUES (12, 12);
INSERT INTO book_genre (book_id, genre_id) VALUES (13, 13);
INSERT INTO book_genre (book_id, genre_id) VALUES (14, 14);
INSERT INTO book_genre (book_id, genre_id) VALUES (15, 15);
INSERT INTO book_genre (book_id, genre_id) VALUES (16, 16);
INSERT INTO book_genre (book_id, genre_id) VALUES (17, 17);
INSERT INTO book_genre (book_id, genre_id) VALUES (18, 18);
INSERT INTO book_genre (book_id, genre_id) VALUES (19, 19);
INSERT INTO book_genre (book_id, genre_id) VALUES (20, 20);
INSERT INTO book_genre (book_id, genre_id) VALUES (21, 21);
INSERT INTO book_genre (book_id, genre_id) VALUES (22, 22);
INSERT INTO book_genre (book_id, genre_id) VALUES (23, 23);
INSERT INTO book_genre (book_id, genre_id) VALUES (24, 24);
INSERT INTO book_genre (book_id, genre_id) VALUES (25, 25);
INSERT INTO book_genre (book_id, genre_id) VALUES (26, 26);
INSERT INTO book_genre (book_id, genre_id) VALUES (27, 27);
INSERT INTO book_genre (book_id, genre_id) VALUES (28, 28);
INSERT INTO book_genre (book_id, genre_id) VALUES (29, 29);
INSERT INTO book_genre (book_id, genre_id) VALUES (30, 30);
INSERT INTO book_genre (book_id, genre_id) VALUES (31, 31);
INSERT INTO book_genre (book_id, genre_id) VALUES (32, 32);
INSERT INTO book_genre (book_id, genre_id) VALUES (33, 33);
INSERT INTO book_genre (book_id, genre_id) VALUES (34, 34);
INSERT INTO book_genre (book_id, genre_id) VALUES (35, 35);
INSERT INTO book_genre (book_id, genre_id) VALUES (36, 36);
INSERT INTO book_genre (book_id, genre_id) VALUES (37, 37);
INSERT INTO book_genre (book_id, genre_id) VALUES (38, 38);
INSERT INTO book_genre (book_id, genre_id) VALUES (39, 39);
INSERT INTO book_genre (book_id, genre_id) VALUES (40, 40);
INSERT INTO book_genre (book_id, genre_id) VALUES (41, 41);
INSERT INTO book_genre (book_id, genre_id) VALUES (42, 42);
INSERT INTO book_genre (book_id, genre_id) VALUES (43, 43);
INSERT INTO book_genre (book_id, genre_id) VALUES (44, 44);
INSERT INTO book_genre (book_id, genre_id) VALUES (45, 45);
INSERT INTO book_genre (book_id, genre_id) VALUES (46, 41);
INSERT INTO book_genre (book_id, genre_id) VALUES (47, 42);
INSERT INTO book_genre (book_id, genre_id) VALUES (48, 43);
INSERT INTO book_genre (book_id, genre_id) VALUES (49, 44);
INSERT INTO book_genre (book_id, genre_id) VALUES (50, 45);
